correct_region,cities_in_region,TotalOrders,TotalSales,Avg_Orders_per_City,Avg_Sales_per_City,Avg_Discount_per_city
East,2,829,1216237,414.5000,608118.5000,0.2270786393197829
North,3,1251,1885376,417.0000,628458.6667,0.22882541366773826
West,4,1636,2439640,409.0000,609910.0000,0.22715850561458695
South,5,2131,3196049,426.2000,639209.8000,0.2279305257775953
Central,10,4147,6219680,414.7000,621968.0000,0.22565245924149663
